"Отметка времени","Имя","Какое направление у вас  университете?","Уровень нынешнего образования","Как вы оцениваете качество преподавания в вашем университете? (по 5-ти балльной шкале)","Как часто вы посещаете лекции и семинары?","Как вы оцениваете возможности для карьерного роста и развития навыков в вашем университете?","Как часто вы участвуете во внеучебных мероприятиях и клубах университета?"
"2024/04/06 2:04:53 AM GMT+3","Михаил","IT","Бакалавр","4","Никогда не пропускаю","Есть моменты, которые не понимаю, зачем это мне, но, тем не менее, не зря поступил","Участвую во всех мероприятиях"
"2024/04/06 2:05:21 AM GMT+3","Иван","Медицинское","Магистрант","5","Очень редко пропускаю","Считаю, что там дают ключевые навыки для реализации себя в будущем","Участвую во всех мероприятиях"
"2024/04/06 2:05:40 AM GMT+3","Петр","Инженерное","Общее, среднее","2","Хожу только на семинары","Университет не нужен, главное, ""набить руку"" на самой работе . (Если возьмут:) )","Не вижу смысла от этого"
"2024/04/06 2:05:45 AM GMT+3","Никита","Другое...","Магистрант","3","Что такое учеба?","Есть моменты, которые не понимаю, зачем это мне, но, тем не менее, не зря поступил","Нет возможности посещать"
"2024/04/06 2:06:34 AM GMT+3","Андрей","Педагогическое","Бакалавр","4","Очень редко пропускаю","Считаю, что там дают ключевые навыки для реализации себя в будущем","Если появляется что-то интересное, то схожу"
"2024/04/06 2:06:41 AM GMT+3","Александр","IT","Общее, среднее","5","Никогда не пропускаю","Считаю, что там дают ключевые навыки для реализации себя в будущем","Нет возможности посещать"
"2024/04/06 2:07:07 AM GMT+3","Валентина","Педагогическое","Бакалавр","4","Иногда пропускал","Считаю, что там дают ключевые навыки для реализации себя в будущем","Не вижу смысла от этого"
"2024/04/06 2:07:18 AM GMT+3","Сергей","Инженерное","Среднее, специальное","5","Иногда пропускал","Хожу в университет для общего развития, не очень понимаю важность предметов","Если появляется что-то интересное, то схожу"
"2024/04/06 2:07:25 AM GMT+3","Кристина","Инженерное","Общее, среднее","3","Очень редко пропускаю","Считаю, что там дают ключевые навыки для реализации себя в будущем","Если появляется что-то интересное, то схожу"
"2024/04/06 2:07:55 AM GMT+3","Василиса","Медицинское","Магистрант","5","Никогда не пропускаю","Считаю, что там дают ключевые навыки для реализации себя в будущем","Участвую во всех мероприятиях"
"2024/04/06 2:08:42 AM GMT+3","Евдокия","Педагогическое","Среднее, специальное","3","Иногда пропускал","Есть моменты, которые не понимаю, зачем это мне, но, тем не менее, не зря поступил","Если появляется что-то интересное, то схожу"
"2024/04/06 2:08:47 AM GMT+3","Мария","Другое...","Бакалавр","4","Иногда пропускал","Есть моменты, которые не понимаю, зачем это мне, но, тем не менее, не зря поступил","Не вижу смысла от этого"
"2024/04/06 2:09:08 AM GMT+3","Мария","IT","Общее, среднее","4","Очень редко пропускаю","Считаю, что там дают ключевые навыки для реализации себя в будущем","Не вижу смысла от этого"
"2024/04/06 2:09:30 AM GMT+3","Георгий","IT","Бакалавр","5","Иногда пропускал","Есть моменты, которые не понимаю, зачем это мне, но, тем не менее, не зря поступил","Не вижу смысла от этого"
"2024/04/06 2:10:00 AM GMT+3","Федор","Другое...","Общее, среднее","2","Хожу только на семинары","Хожу в университет для общего развития, не очень понимаю важность предметов","Если появляется что-то интересное, то схожу"
"2024/04/06 2:10:05 AM GMT+3","Павел","IT","Бакалавр","5","Очень редко пропускаю","Считаю, что там дают ключевые навыки для реализации себя в будущем","Если появляется что-то интересное, то схожу"
"2024/04/06 2:10:34 AM GMT+3","Софья","Другое...","Бакалавр","4","Очень редко пропускаю","Считаю, что там дают ключевые навыки для реализации себя в будущем","Если появляется что-то интересное, то схожу"
"2024/04/06 2:10:39 AM GMT+3","Сергей","Педагогическое","Магистрант","5","Иногда пропускал","Есть моменты, которые не понимаю, зачем это мне, но, тем не менее, не зря поступил","Нет возможности посещать"
"2024/04/06 2:11:19 AM GMT+3","Артем","Педагогическое","Бакалавр","3","Никогда не пропускаю","Считаю, что там дают ключевые навыки для реализации себя в будущем","Участвую во всех мероприятиях"
"2024/04/06 6:15:03 AM GMT+3","Валентина","IT","Магистрант","3","Очень редко пропускаю","Хожу в университет для общего развития, не очень понимаю важность предметов","Нет возможности посещать"
"2024/04/06 8:03:49 AM GMT+3","Елизавета","IT","Бакалавр","5","Очень редко пропускаю","Считаю, что там дают ключевые навыки для реализации себя в будущем","Нет возможности посещать"
"2024/04/06 8:21:42 AM GMT+3","Мария ","IT","Магистрант","5","Иногда пропускал","Есть моменты, которые не понимаю, зачем это мне, но, тем не менее, не зря поступил","Нет возможности посещать"
"2024/04/06 9:05:47 AM GMT+3","Сергей","IT","Магистрант","3","Никогда не пропускаю","Есть моменты, которые не понимаю, зачем это мне, но, тем не менее, не зря поступил","Нет возможности посещать"